first_name,last_name,email,phone_number,address
John,Doe,john.doe@example.com,123456789,123 Elm Street
Jane,Smith,jane.smith@example.com,987654321,456 Oak Street
John,Doe,john.doe@example.com,123456789,123 Elm Street
Jane,Smith,jane.smith@example.com,987654321,456 Oak Street
John,Doe,john.doe@example.com,123456789,123 Elm Street
Jane,Smith,jane.smith@example.com,987654321,456 Oak Street
John,Doe,john.doe@example.com,123456789,123 Elm Street
Jane,Smith,jane.smith@example.com,987654321,456 Oak Street
John,Doe,john.doe@example.com,123456789,123 Elm Street
Jane,Smith,jane.smith@example.com,987654321,456 Oak Street
John,Doe,john.doe@example.com,123456789,123 Elm Street
Jane,Smith,jane.smith@example.com,987654321,456 Oak Street
John,Doe,john.doe@example.com,123456789,123 Elm Street
Jane,Smith,jane.smith@example.com,987654321,456 Oak Street
John,Doe,john.doe@example.com,123456789,123 Elm Street
Jane,Smith,jane.smith@example.com,987654321,456 Oak Street